id	nome	data	estado	cidade	conteudo	resposta	status
0	Correios	 13/04/2021	MG	São João Del Rei	"
				Boa tarde !_x005F_x000D_
_x005F_x000D_
No dia 08/04/2021, por volta das 14:00h fui a agência dos Correios 20307144, localizada em Barbacena-MG, para solicitar um envio de mercadoria para o estado de São Paulo. Ao chegar a agência, havia somente um cliente na minha frente e três funcionários prestando atendimento, até pensei que seria rápido o atendimento, mas fui surpreendido. Além da demora para ser atendido, tive o desprazer de ficar ouvindo as reclamações da funcionária referente ao seus instrumentos de trabalho._x005F_x000D_
Como se já não bastasse, fui persuadido por várias vezes para alterar minha forma de envio de PAC para SEDEX, ao recusar a insistência da funcionária percebi um descaso no atendimento e para piorar a situação, tive incluído em meu envio duas tarifas não solicitadas, AVISO DE RECEBIMENTO R$ 6,35  e VALOR DECLARADO R$ 9,59._x005F_x000D_
Durante o atendimento foi solicitado meu e-mail e em nenhum momento fui informado que seria para me cobrar algum tipo de serviço. Antes de me direcionar a agência, fiz a simulação de envio através do site dos Correios e o valor não passaria de R$ 30,00 mas ao realizar  pagamento o valor total foi de R$ 45,34._x005F_x000D_
_x005F_x000D_
A disposição!"	"
				Prezado Cliente, para que possamos verificar o ocorrido e tomar as devidas providências, necessitamos de informações adicionais. Caso a sua manifestação envolva um objeto postal registrado, solicitamos acessar o endereço http://apps2.correios.com.br/faleconosco/app/cadastro/reclamacao/index.php?codigo=NDYz e selecionar a opção ""Inconformidade na entrega de remessa/Objeto Postal"". "	"
				Não Resolvido"
1	Samsung	 25/04/2021	MG	Belo Horizonte	"
				Fui realizar essa ultima atualização do android e pela SEGUNDA VEZ meu aparelho travou na tela I BELIVE IN YOUR GALAXY e não sai disso! Mesmo tentando reiniciar forcadamente nada resolve! Isso já havia acontecido na atualização do Android 11 e eu PERDI TUDO NO APARELHO! Dessa vez não vou querer apenas o conserto mas sim um aparelho novo como me garante o CDC em caso de defeito de fabrica recorrente, e vou processar a samsung pois vai ser a segunda vez que perco tudo! Isso é um ABSURDO! Segue em anexo a nota fiscal e o recibo da autorizada da primeira vez que isso ocorreu! Amanhã dia 26/04 estarei indo na autorizada novamente."	"
				Caro cliente,_x005F_x000D_
_x005F_x000D_
 _x005F_x000D_
_x005F_x000D_
Conforme contato realizado através desta plataforma, os esclarecimentos necessários foram prestados. Além disso, está disponível maiores detalhes no histórico de seu protocolo. Qualquer dúvida estamos à disposição em nosso canal de atendimento no telefone informado pelo nosso especialista._x005F_x000D_
_x005F_x000D_
 _x005F_x000D_
_x005F_x000D_
Atenciosamente,_x005F_x000D_
Samsung Eletrônica da Amazônia"	"
				Não Resolvido"
2	Vivo - Telefônica	 14/04/2021	MG	Caratinga	"
				Ao contatar a empresa, solicitei a 2ª via de contas DETALHADAS do meu plano, porém recebi a fatura simplificada e só de alguns meses."	"
				Prezada Sra. Vitoria_x005F_x000D_
_x005F_x000D_
Realizamos tentativa de contato no dia 24/04/2021 porém não obtivemos sucesso._x005F_x000D_
_x005F_x000D_
Desta forma, segue carta anexa com as informações e as providências que foram tomadas com relação ao seu questionamento juntamente com a análise da operadora._x005F_x000D_
_x005F_x000D_
Estamos à disposição para quaisquer esclarecimentos através do e-mail inserido em carta resposta ou dos seguintes canais: site www.vivo.com.br, *8486, 1058 ou por SMS, encaminhando sua mensagem para 1058._x005F_x000D_
_x005F_x000D_
Caso haja alguma dúvida, discordância ou questionamento, gentileza utilizar o botão “Interagir com o Fornecedor” antes de executar qualquer ação._x005F_x000D_
_x005F_x000D_
FAVOR VISUALIZAR O CAMPO “ANEXOS”._x005F_x000D_
_x005F_x000D_
Obs.: Em caso de consulta pelo celular, poderá não ser disponibilizado a carta anexa pois depende da funcionalidade de cada aparelho. Desta forma orientamos que o acesso seja realizado pelo computador/Tablet._x005F_x000D_
_x005F_x000D_
Atenciosamente,_x005F_x000D_
Órgão de Defesa do Consumidor – Telefônica | Vivo."	"
				Não avaliado pelo consumidor"
3	Vivo - Telefônica	 13/04/2021	MG	Carmópolis de Minas	"
				Fiz uma reclamação anteriormente a respeito de um débito em aberto na Serasa  a atendente me informou que no prazo de 5 dias isso  seria resolvido mas já se passaram  muitos dias e o débito ainda continua em aberto. Também tentei entrar no app meu vivo para fazer o pagamento de uma conta em atraso e meu número foi cancelado novamente tentei contato pelo 1058 e quando peço a segunda via diz que ocorreu um erro  no sistema  não tem como eu pagar a fatura se não tenho código de barras"	"
				Prezada Sra. Juliana_x005F_x000D_
_x005F_x000D_
Realizamos tentativa de contato no dia 24/04/2021 porém não obtivemos sucesso._x005F_x000D_
_x005F_x000D_
Desta forma, segue carta anexa com as informações e as providências que foram tomadas com relação ao seu questionamento juntamente com a análise da operadora._x005F_x000D_
_x005F_x000D_
Estamos à disposição para quaisquer esclarecimentos através do e-mail inserido em carta resposta ou dos seguintes canais: site www.vivo.com.br, *8486, 1058 ou por SMS, encaminhando sua mensagem para 1058._x005F_x000D_
_x005F_x000D_
Caso haja alguma dúvida, discordância ou questionamento, gentileza utilizar o botão “Interagir com o Fornecedor” antes de executar qualquer ação._x005F_x000D_
_x005F_x000D_
FAVOR VISUALIZAR O CAMPO “ANEXOS”._x005F_x000D_
_x005F_x000D_
Obs.: Em caso de consulta pelo celular, poderá não ser disponibilizado a carta anexa pois depende da funcionalidade de cada aparelho. Desta forma orientamos que o acesso seja realizado pelo computador/Tablet._x005F_x000D_
_x005F_x000D_
Atenciosamente,_x005F_x000D_
Órgão de Defesa do Consumidor – Telefônica | Vivo."	"
				Não avaliado pelo consumidor"
4	Vivo - Telefônica	 14/04/2021	MG	Santa Bárbara do Leste	"
				Solicitei a Vivo plano para o número (33) XXXXX-X630, no valor de R$ 29,99. Acontece que há alguns meses alteraram o valor para R$ 34,98, sem antes me comunicarem. Entrei em contato e posteriormente com reclamação no consumidor.gov (em julho de 2020) e retornaram o valor para o que foi realmente contratado. Acontece que novamente estão me cobrando por um valor acima do contratado (R$ 34,99), solicitei então o cancelamento do plano, sem sucesso."	"
				Contatamos o responsável pela manifestação no dia 24/04/2021, o qual ficou ciente das informações e das providências que foram tomadas com relação ao seu questionamento._x005F_x000D_
Estamos à disposição para quaisquer esclarecimentos sobre esta demanda através do e-mail informado na carta anexo e para demais assuntos, favor nos contatar pelos seguintes canais: site www.vivo.com.br, *8486, 1058 ou por SMS, encaminhando sua mensagem para 1058._x005F_x000D_
Caso haja alguma dúvida, discordância ou questionamento, gentileza utilizar o botão “Interagir com o Fornecedor” antes de executar qualquer ação._x005F_x000D_
_x005F_x000D_
FAVOR VISUALIZAR O CAMPO “ANEXOS”. _x005F_x000D_
Obs.: Em caso de consulta pelo celular, poderá não ser visualizada a carta anexa, pois depende da funcionalidade de cada aparelho. Desta forma orientamos que o acesso seja realizado pelo computador/Tablet._x005F_x000D_
_x005F_x000D_
Atenciosamente, _x005F_x000D_
Órgão de Defesa do Consumidor – Telefônica | Vivo."	"
				Não avaliado pelo consumidor"
5	Vivo - Telefônica	 09/04/2021	MG	Belo Horizonte	"
				Não param de me ligar para oferecer produtos para  o condominio onde eu moro. Residencial Cristina: CNPJ: 02.175.679/XXXXX-X5. Não sou sindica e mesmo se fosse não têm o direito de me ligarem sem parar para oferecer produtos."	"
				Prezada Sra. Brenda,  _x005F_x000D_
_x005F_x000D_
Segue carta em anexo com as informações e as providências que foram tomadas com relação ao seu questionamento juntamente com a análise/proposta da operadora._x005F_x000D_
_x005F_x000D_
Estamos à disposição para quaisquer esclarecimentos através do e-mail contido em carta resposta. _x005F_x000D_
_x005F_x000D_
Caso haja alguma dúvida, discordância ou questionamento, gentileza utilizar o botão “Interagir com o Fornecedor” antes de executar qualquer ação._x005F_x000D_
_x005F_x000D_
FAVOR VISUALIZAR O CAMPO “ANEXOS”. _x005F_x000D_
_x005F_x000D_
Obs.: Em caso de consulta pelo celular, poderá não ser disponibilizado a carta anexa pois depende da funcionalidade de cada aparelho. Desta forma orientamos que o acesso seja realizado pelo computador/Tablet._x005F_x000D_
_x005F_x000D_
Atenciosamente, _x005F_x000D_
Órgão de Defesa do Consumidor – Telefônica | Vivo._x005F_x000D_
"	"
				Não avaliado pelo consumidor"
6	Ame Digital	 11/04/2021	MG	Belo Horizonte	"
				No dia 23/03/2020 fiz o pedido número XXXXX-X16326390 no site Submarino.com utilizando o método de pagamento Ame Digital._x005F_x000D_
Entre os itens estava o Tapete Para Yoga / Pilates Em Eva – Muvin vendido por CashPeg, no valor de R$ 44,90 (Entrega 04).	_x005F_x000D_
No dia 30/03/2020, recebi a mensagem do Submarino.com que o parceiro ainda não havia confirmado se já havia enviado o pedido. No mesmo dia, foi aberta a solicitação de cancelamento do(s) produto(s)._x005F_x000D_
No dia 31/03/2020, recebi a mensagem que “a solicitação de Cancelamento do(s) produto(s) abaixo, do pedido XXXXX-X16326390, foi finalizada. O reembolso já foi solicitado à administradora do seu cartão de crédito e estará disponível na próxima fatura ou na seguinte, de acordo com as regras da administradora do cartão.”_x005F_x000D_
Desde então entrei em contato com o vendedor algumas vezes no ano passado alertando que não localizei o reembolso nas minhas faturas._x005F_x000D_
Tentei contato algumas vezes com o vendedor, recebendo sempre a resposta:_x005F_x000D_
“Boa tarde, Rafael! O Ame Digital já foi acionado referente ao reembolso do pedido XXXXX-X16326390 (TAPETE PARA YOGA EM EVA - 180CM X 60CM X 0,6CM - TPYXXXXX-X00 - MUVIN). Por favor, contacte a Central do Atendimento pelo telefone XXXXX-X120 e informei o ticket 968818. Vou finalizar o protocolo de atendimento XXX.XXX.XXX-XX22, mas espero ter colaborado de alguma maneira e alcançado as expectativas no atendimento com você.”_x005F_x000D_
Sempre tive imensa dificuldade em obter contato com o serviço Ame Digital através do chat do aplicativo, de modo que até hoje não recebi resposta da equipe."	"
				Bom dia Rafael!_x005F_x000D_
Como vai?_x005F_x000D_
_x005F_x000D_
Não temos palavras para nos desculpar._x005F_x000D_
_x005F_x000D_
Sabemos da importância do seu problema e estamos correndo atrás para resolvermos o quanto antes._x005F_x000D_
_x005F_x000D_
Estamos aguardando apenas a confirmação da sua adquirente com a conclusão do valor em fatura._x005F_x000D_
Assim que eles confirmarem o estorno, notificaremos de imediato para que possamos validar juntos._x005F_x000D_
_x005F_x000D_
Não desistiremos até que esteja tudo resolvido._x005F_x000D_
_x005F_x000D_
Agradecemos desde já._x005F_x000D_
_x005F_x000D_
Atenciosamente, Thamis_x005F_x000D_
Atendimento Especial - Consumidor.gov"	"
				Não avaliado pelo consumidor"
7	Pernambucanas Cartões	 14/04/2021	MG	Uberaba	"
				Procurado operadora dia 22/02 devido não baixa da fatura paga dia 18/02 com vencimento em 15/02. Após essa data foi gerado cobranças duplicadas do valor pago, taxas e multas, bem como notificação de negativado do CPF ao SERASA."	"
				Olá Lazara, _x005F_x000D_
_x005F_x000D_
Recebemos sua manifestação e informamos que após analise o seu pagamento já consta processado em sistema. Sendo assim você não possui negativação em seu CPF. _x005F_x000D_
_x005F_x000D_
Atenciosamente_x005F_x000D_
Equipe Mídias Sociais     _x005F_x000D_
_x005F_x000D_
Pernambucanas - Mídias Sociais _x005F_x000D_
Pernambucanas NA LOJA, NO APP, NO SITE, EM Família._x005F_x000D_
Sempre que precisar falar conosco, utilize os nossos canais oficiais_x005F_x000D_
Whats XXXXX-X441 - Chat aplicativo  Cartão Pernambucanas_x005F_x000D_
Central de Atendimento 11 3004 44 41_x005F_x000D_
"	"
				Não avaliado pelo consumidor"
8	Pernambucanas Cartões	 13/04/2021	MG	Belo Horizonte	"
				Estou com uma fatura vencida da qual devido problemas financeiras foi necessário realizar um parcelamento. O mesmo foi realizado atrás do chat no app no dia 11/04/2021 as 15:23. Onde parcelei a fatura em 6x de 180,54 e teria até 4 para pagamento. Fiz uma transferência via pix com o valor para a conta digital pernambucanas com para efetuar o pagamento do valor da parcela de entrada. Porém, ao tentar finalizar o pagamento o informa que a senha está errada. Acionei o atendimento via WhatsApp pelo protocolo XXX.XXX.XXX-XX3 onde a moça me informou que a senha e nem o cartão da conta estavam ativos. Ou seja, eles criam uma conta, não informa ao cliente, o mesmo ao usa-la descobre que são cartões diferentes e precisa ir em loja para gerar e ativar(lojas fechadas em plena pandemia). _x005F_x000D_
Entrei em contato via telefone, solicitando o envio da senha duas vezes. Os dois atendentes falaram que ate em 2 horas receberia a senha via SMS. Senha não chegou após 24hs. Solicito a empresa resolver a situação, pois já recebi comunicado só Serasa que ela Pernambucanas já noticiou para negativação de meu nome junto ao órgão. Divida com nem um mês de vencida, negociei, mas a loja não colabora para eu pagar. Segue anexo da negociação via chat no dia 11/04/2021."	"
				Olá Cristiano, _x005F_x000D_
_x005F_x000D_
Recebemos sua manifestação e informamos que após analise em sistema será necessário que efetue a transferência da conta digital para efetuar o pagamento da fatura vigente. _x005F_x000D_
_x005F_x000D_
Atenciosamente_x005F_x000D_
Equipe Mídias Sociais     _x005F_x000D_
_x005F_x000D_
Pernambucanas - Mídias Sociais _x005F_x000D_
Pernambucanas NA LOJA, NO APP, NO SITE, EM Família._x005F_x000D_
Sempre que precisar falar conosco, utilize os nossos canais oficiais_x005F_x000D_
Whats XXXXX-X441 - Chat aplicativo  Cartão Pernambucanas_x005F_x000D_
Central de Atendimento 11 3004 44 41"	"
				Não avaliado pelo consumidor"
9	Pernambucanas Cartões	 11/04/2021	MG	Belo Horizonte	"
				Boa noite! No dia 15 de Março 2020 eu entrei em contato com sac da pernanbucas , para resolver a situação da minha fatura que  tinham sido pagas, dai no mesmo dia tirei a outra fatura dai veio com muita multa de atraso  e juros,  a atendente disse pra eu pagar a fatura que veio, e eu paguei, ela me deu o protocolo e falou pra entrar no e-mail XXXXXXXXXXX@XXXXX.XXX eu fiz exatamente o que ela falou, mandei e-mail e mandei o numero do protocolo  e anexei a fatura paga, só que ela disse pra aguardar até o dia 17 ninguém entrou em contato comigo, quando foi agora tirei a outra fatura, veio o estorno, mais hoje dia 10/04/20 Eu recebi uma ligação dizendo que eu estou com 2 faturas sem pagar uma de fevereiro e a outra de março, segue anexo, Segunda feira  fecha outra fatura e vem com juros e multas das faturas  de fevereiro e março e  estou desempregada não  tenho  como pagar o que estão  me cobrando, sendo  que  já paguei."	"
				Olá Marcilene, _x005F_x000D_
_x005F_x000D_
Recebemos sua manifestação e informamos realizamos o ajustes dos valores cobrado indevido em sistema cobrado em sua fatura e esse valor estará evidente na sua próxima fatura. _x005F_x000D_
_x005F_x000D_
Atenciosamente_x005F_x000D_
Equipe Mídias Sociais     _x005F_x000D_
_x005F_x000D_
Pernambucanas - Mídias Sociais _x005F_x000D_
Pernambucanas NA LOJA, NO APP, NO SITE, EM Família._x005F_x000D_
Sempre que precisar falar conosco, utilize os nossos canais oficiais_x005F_x000D_
Whats XXXXX-X441 - Chat aplicativo  Cartão Pernambucanas_x005F_x000D_
Central de Atendimento 11 3004 44 41_x005F_x000D_
"	"
				Não avaliado pelo consumidor"
10	Rappi	 24/04/2021	MG	Juiz de Fora	"
				No mês de janeiro de 2021 fui diagnosticado com  covid 19 , entrei em contato com o time rappi para avisar que estava doente e que teria que me ausentar do trabalho por algum tempo até que me curasse , 
Eu recebi um valor de 425 reais da rappi referente ao fundo do covid 19 
Porém desativaram minha conta é até hoje após quase 3 meses não habilitadaram ela novamente"	"
				Olá, prezado!_x005F_x000D_
_x005F_x000D_
Estamos dando continuidade à sua tratativa via e-mail._x005F_x000D_
_x005F_x000D_
Em caso de dúvidas, seguiremos à disposição._x005F_x000D_
_x005F_x000D_
Atenciosamente_x005F_x000D_
Equipe Rappi."	"
				Não avaliado pelo consumidor"
11	Faculdade Unopar	 23/04/2021	MG	Iapu	"
				Não foi mim passada todas as informações correta com relação a segunda graduação e depois informado que teria que pagar uma taxa para realizar a analise do histórico ao qual não foi mim passado não do contrato."	"
				_x005F_x000D_
Olá Everaldo boa tarde _x005F_x000D_
_x005F_x000D_
_x005F_x000D_
Referente a sua reclamação formalizada por meio deste canal, informamos que os detalhes da tratativa da instituição foram inseridos na área de ""interação com o consumidor"" por conter informações e dados sigilosos._x005F_x000D_
_x005F_x000D_
Permanecemos à disposição para demais esclarecimentos._x005F_x000D_
_x005F_x000D_
Atenciosamente, _x005F_x000D_
Central de Relacionamento com o Aluno _x005F_x000D_
Unopar_x005F_x000D_
"	"
				Não avaliado pelo consumidor"
12	Seguros Sura	 16/04/2021	MG	Contagem	"
				Fiz abertura de Sinistro perante a empresa citada pelo Furto de minha Bicicleta que está Segurada perante a Seguradora juntamente do meu Seguro Residencial. _x005F_x000D_
O Sinistro foi aberto em 08/04/2021, data que ocorreu o Furto. A Seguradora me informou que teria o prazo de 48 após a abertura do Sinistro para dar seguimento ao Processo. Liguei várias vezes para a Seguradora através do telefone XXX.XXX.XXX-XX e sempre falaram que iam encaminhar para a analista do Sinistro mas até a presente data não houve o retorno da mencionada analista."	"
				Prezado Senhor,_x005F_x000D_
Boa tarde, tudo bem?_x005F_x000D_
_x005F_x000D_
Informamos que a resposta à vossa reclamação foi enviada ao e-mail cadastrado na presente plataforma._x005F_x000D_
_x005F_x000D_
Agradecemos vosso contato e ficamos à sua disposição para o que se fizer necessário._x005F_x000D_
_x005F_x000D_
Qualquer problema, por gentileza, volte a nos contatar._x005F_x000D_
_x005F_x000D_
Atenciosamente,_x005F_x000D_
Ouvidoria_x005F_x000D_
Seguros SURA"	"
				Não avaliado pelo consumidor"
13	NET	 15/04/2021	MG	Juiz de Fora	"
				Na data de hoje 15/04/2021 entrei em contato com a NET pois há três meses consecutivos vêm sendo cobrado um serviço em minha fatura, na qual eu não contratei, é uma mensalidade de assistência técnica no valor de 34,90, fui informado que esse serviço está ativo desde abril do ano passado, porém esse serviço só começou a ser cobrado em minha fatura há três meses e com isso desde que verifiquei o ocorrido ligo todos os meses qdo chega a fatura peço a contestação e o cancelamento do mesmo, já que eu em momento algum fiz essa solicitação, ai sou informado que o cancelamento foi feito e no mês seguinte vem a cobrança novamente. Hoje nem a contestação foi feita, fiquei mais de 20 minutos numa ligação para ser informado que teria que espearar até 48 horas pro setor responsável entrar em contato para ver a possibilidade da contestação. Peço que entre em contato no número XXX.XXX.XXX-XX e falar com josiane, que é minha esposa, pois não posso atender telefone em horario de trabalho"	"
				""Prezado(a) Sr(a). nelio, Em atenção à sua reclamação verifique o """"ANEXO"""" ao lado da opção """"DETALHES"""" a carta resposta contendo todas as informações de tratamento. Observação: Em caso de consulta pelo celular, poderá não ser disponibilizado a carta em anexo pois depende da funcionalidade de cada aparelho. Dessa forma, caso não consiga visualizar o anexo através do seu aparelho celular, orientamos acessar a resposta através do computador/Tablet. Qualquer dificuldade em visualizar o anexo ou dúvida na solução apresentada, você poderá nos contatar utilizando a opção “Interagir com Fornecedor”, ou ainda, através dos canais exclusivos informados na carta em anexo. Atenciosamente, ALINE"""	"
				Não avaliado pelo consumidor"
14	NET	 15/04/2021	MG	Belo Horizonte	"
				Conforme reclamações anteriores, requeiro seja encaminhado as faturas desde abril de 2016 para análise."	"
				""Prezado(a) Sr(a). João, Em atenção à sua reclamação verifique o """"ANEXO"""" ao lado da opção """"DETALHES"""" a carta resposta contendo todas as informações de tratamento. Observação: Em caso de consulta pelo celular, poderá não ser disponibilizado a carta em anexo pois depende da funcionalidade de cada aparelho. Dessa forma, caso não consiga visualizar o anexo através do seu aparelho celular, orientamos acessar a resposta através do computador/Tablet. Qualquer dificuldade em visualizar o anexo ou dúvida na solução apresentada, você poderá nos contatar utilizando a opção “Interagir com Fornecedor”, ou ainda, através dos canais exclusivos informados na carta em anexo. Atenciosamente, ALINE"""	"
				Não avaliado pelo consumidor"
15	Banco Daycoval	 09/04/2021	MG	Montes Claros	"
				Banco Daycovall desconta parcelas de consignado duas vezes no mês de abril 2021: na fonte Governo de MG-SEPLAG-Contracheque e na minha conta Corrente no Banco do Brasil Ag. XXXXX-X Ct. XXXXX-X Anelito Pereira de Oliveira._x005F_x000D_
Mesmo assim, Banco Daycovall mantém restrição meu nome no Cadastro de Credores SCR Banco Central que lista consumidores que deram prejuízo ao Sistema Financeiro._x005F_x000D_
Já reclamei do Banco nesta Plataforma. O Banco esclareceu que não estou em atraso  com o pagamento do empréstimo e propôs quitação do valor ainda devido. _x005F_x000D_
Banco indicou telefone XXX.XXX.XXX-XX para que eu me manifestasse sobre interesse em quitação do empréstimo._x005F_x000D_
Tentei inúmeras vezes falar nesse telefone e não fui atendido._x005F_x000D_
Em contrapartida, o Banco tem feito contato comigo via whatsApp propondo refinanciamento de empréstimo, situação em que eu receberia um ""troco"" de cerca de R$ 9.000,00._x005F_x000D_
Que absurdo!"	"
				Prezado(a)_x005F_x000D_
Diante de sua reclamação registrada por meio da plataforma “consumidor. gov” investimos todos os nossos esforços para solução do tema abordado, sendo realizada análise pormenorizada, cuja conclusão foi disponibilizada ao senhor (a) por meio do campo “Anexo”, em obediência ao artigo 5º, XII, da Constituição Federal de 1988 e a Lei Complementar nº 105, de 10/01/2001, que disciplinam o sigilo das operações de instituições financeiras, bem como aos Termos de Uso._x005F_x000D_
Aproveitamos a oportunidade para divulgar o atendimento Daycoval na internet em https://www.daycoval.com.br/institucional/central-atendimento. Nesta página poderá registrar solicitações, esclarecer dúvidas ou se preferir, também poderá nos contatar através de nossos telefones 0300 111 0500 Central de Serviços; 0800 775 0500 SAC – para reclamações, sugestão ou elogios; 0800 775 2005 para deficientes auditivos e ainda, caso não tenha sua manifestação atendida satisfatoriamente acione nossa Ouvidoria em http://www.daycoval.com.br/default.asp?area=ouvidoria ou pelo telefone 0800 777 0900._x005F_x000D_
"	"
				Não avaliado pelo consumidor"
16	Banco Daycoval	 09/04/2021	MG	Sarzedo	"
				Venho por meio desta reclamação pedir que encaminhem no meu email: XXXXXXXXXXX@XXXXX.XXX, o meu contrato de financiamento veicular de um veiculo Toyota Corolla, ano 06/07, placa HFP9182, com o valor da parcela de R$712,87, para analise de valores no mesmo contidos. _x005F_x000D_
_x005F_x000D_
Agradeço grandemente e aguardo retorno."	"
				Prezado(a)_x005F_x000D_
Diante de sua reclamação registrada por meio da plataforma “consumidor. gov” investimos todos os nossos esforços para solução do tema abordado, sendo realizada análise pormenorizada, cuja conclusão foi disponibilizada ao senhor (a) por meio do campo “Anexo”, em obediência ao artigo 5º, XII, da Constituição Federal de 1988 e a Lei Complementar nº 105, de 10/01/2001, que disciplinam o sigilo das operações de instituições financeiras, bem como aos Termos de Uso._x005F_x000D_
Aproveitamos a oportunidade para divulgar o atendimento Daycoval na internet em https://www.daycoval.com.br/institucional/central-atendimento. Nesta página poderá registrar solicitações, esclarecer dúvidas ou se preferir, também poderá nos contatar através de nossos telefones 0300 111 0500 Central de Serviços; 0800 775 0500 SAC – para reclamações, sugestão ou elogios; 0800 775 2005 para deficientes auditivos e ainda, caso não tenha sua manifestação atendida satisfatoriamente acione nossa Ouvidoria em http://www.daycoval.com.br/default.asp?area=ouvidoria ou pelo telefone 0800 777 0900._x005F_x000D_
"	"
				Não avaliado pelo consumidor"
17	Mercado Pago	 22/04/2021	MG	Sabará	"
				Pela minha maquininha do mercado pago não descontaram nada e o meu dinheiro da maquininha some"	"
				Olá, Graziele!_x005F_x000D_
_x005F_x000D_
Agradeço por aguardar nossa resposta! Enviamos detalhes sobre a sua solicitação na interação anterior._x005F_x000D_
_x005F_x000D_
Qualquer outra dúvida, sinta-se à vontade para entrar em contato com a nossa equipe de atendimento através deste link: https://www.mercadopago.com.br/ajuda._x005F_x000D_
_x005F_x000D_
Equipe Mercado Pago_x005F_x000D_
_x005F_x000D_
"	"
				Não avaliado pelo consumidor"
18	Mercado Pago	 18/04/2021	MG	Pouso Alegre	"
				Sempre realizei os meus jogos lotéricos online e nunca tive problemas com pagamento via cartão de crédito, porém no dia 11/04/2021 tente realizar o pagamento dos jogos e dava a mensagem que a minha compra não estava sendo autorizada, tentei com todos os meus cartões de crédito (3 cartões no total) e sempre a mesma mensagem de não autorizados, liguei para o atendimento dos meus cartões e obtive a informações que todos eles estão OK e com limites ou seja, o problema não era os cartões._x005F_x000D_
 Na segunda-feira 12/04/2021 liguei para Caixa Loterias, onde fui informado que o problema está no meio de pagamento nesse caso Mercado Pago, entrei em contato com o mercado pago por email no mesmo dia, porém as respostas são sempre automáticas e não resolvem nada."	"
				Olá Sebastião, como vai?_x005F_x000D_
_x005F_x000D_
Antes de mais nada, nós do Grupo Mercado Livre agradecemos o seu contato e pedimos desculpas por eventuais transtornos causados. Esperamos continuar contando com a sua preferência!_x005F_x000D_
_x005F_x000D_
Para conferir a resposta, pedimos que clique no *anexo*. Lá explicamos direitinho todas as ações tomadas, e o porquê. Caso não esteja visualizando o anexo pelo smartphone, aconselhamos a acessar pelo computador._x005F_x000D_
Qualquer outra dúvida, sinta-se à vontade para entrar em contato com a nossa equipe de atendimento através dos links abaixo: _x005F_x000D_
http://contato.mercadolivre.com.br/ajuda_x005F_x000D_
https://www.mercadopago.com.br/ajuda_x005F_x000D_
_x005F_x000D_
Estamos sempre à disposição!_x005F_x000D_
Atenciosamente,_x005F_x000D_
Equipe Mercado Pago_x005F_x000D_
_x005F_x000D_
"	"
				Não avaliado pelo consumidor"
19	Mercado Pago	 23/04/2021	MG	Uberlândia	"
				Enviei pagamentos para Mercado Pago em nome de Rafael Vieira Santos, CPF XXX.XXX.XXX-XX pela compra de um computador usado do Mercado Livre. Houve um desvinculo do produto ao pagamento (não sei como) e o vendedor sumiu após dois dias e não enviou o produto."	"
				Olá, Marcia!_x005F_x000D_
_x005F_x000D_
Agradeço por aguardar nossa resposta! Enviamos detalhes sobre a sua solicitação na interação anterior._x005F_x000D_
_x005F_x000D_
Qualquer outra dúvida, sinta-se à vontade para entrar em contato com a nossa equipe de atendimento através deste link: https://www.mercadopago.com.br/ajuda._x005F_x000D_
_x005F_x000D_
Equipe Mercado Pago_x005F_x000D_
"	"
				Não avaliado pelo consumidor"
20	Mercado Pago	 20/04/2021	MG	Montes Claros	"
				Estou a pouco tempo no mercado livre, minha primeira venda e já estou com problema. O mercado livre suspendeu a minha conta, sem motivos! preciso que resolvam meu problema o mais rápido possível. indignada com a plataforma!"	"
				Olá, Maria!_x005F_x000D_
_x005F_x000D_
Agradeço por aguardar nossa resposta, estávamos buscando uma melhor solução para você._x005F_x000D_
_x005F_x000D_
Enviamos detalhes sobre a resolução de seu problema na interação anterior._x005F_x000D_
_x005F_x000D_
Queremos ouvir você! Aqui na plataforma do Consumidor.gov.br, clicando no botão ""Avaliar resposta do Fornecedor"", você pode falar sobre sua experiência com este atendimento. Sua participação é muito importante para nós!_x005F_x000D_
_x005F_x000D_
Equipe Mercado Pago_x005F_x000D_
"	"
				Não avaliado pelo consumidor"
21	Mercado Pago	 21/04/2021	MG	Belo Horizonte	"
				Olá, boa tarde, tudo bem? Fui criar uma conta no Mercado Livre, segui todos os passos, enviei selfie, fotos de documentos, mas depois aparece a mensagem de que a minha conta foi suspensa. Eu lembro que usei essa conta em 2013, não consegui entrar mais a época mas não me recordo o motivo. Agora, 8 anos depois, aparece que a conta foi suspensa mas eu nem tenho ideia de qual seja o motivo._x005F_x000D_
_x005F_x000D_
Por isso recorro a esse canal para pedir, por obséquio, que façam uma análise em minha conta para que ela seja (re) ativada para eu poder utilizar e/ou que me informem o motivo dela aparecer suspensa, já que nunca cometi nenhuma ilicitude. _x005F_x000D_
_x005F_x000D_
Em virtude da pandemia eu estou desempregado e tenho filhos pequenos para criar. E o Mercado Livre seria uma ótima ferramenta para eu divulgar meus produtos artesanais e com isso conseguir arcar com o aluguel e outras coisas. Porque vender na rua não posso devido a pandemia e risco de contágio. Portanto pela internet seria o ideal, principalmente no Mercado Livre que é bem quisto e bem conhecido por boa parte da população. Peço encarecidamente que analisem com carinho minha solicitação. Quero muito vender. Se não for possível, que pelo menos informe o que aconteceu de fato para minha conta ser suspensa, pois vocês podem ver no histórico dela de que nunca apliquei golpe em ninguém, nunca tive nenhum problema com ninguém. _x005F_x000D_
_x005F_x000D_
Certo de ser atendido fico desde já agradecido._x005F_x000D_
_x005F_x000D_
Um grande abraço a todos, um bom feriado e ótimo resto de semana. E se cuidem todos vocês, afinal estamos todos no mesmo barco _x005F_x000D_
_x005F_x000D_
Respeitosamente,_x005F_x000D_
_x005F_x000D_
Thiago"	"
				Olá, Thiago!_x005F_x000D_
_x005F_x000D_
Agradeço por ter aguardado a minha resposta._x005F_x000D_
_x005F_x000D_
Entrei em contato com nossa equipe especializada e informo que a restrição aplicada em seu cadastro (apelido: THIAGO.U2) será mantida de forma permanente._x005F_x000D_
_x005F_x000D_
Identificamos comportamentos irregulares que violam os nossos Termos e Condições, por esse motivo, não podemos mais oferecer nossos serviços a você. Deixo um link sobre inabilitação de contas e de alguns esclarecimentos que temos sobre nossos procedimentos, para que possa consultar. https://www.mercadolivre.com.br/ajuda/Inhabilitacao-o-Suspensao-de-usuarios_s1101_x005F_x000D_
_x005F_x000D_
O seu saldo em conta foi liberado para a retirada dos valores._x005F_x000D_
_x005F_x000D_
Caso precise de algo estarei a sua disposição sempre que precisar, se tiver alguma dúvida entre em contato conosco._x005F_x000D_
_x005F_x000D_
Maria _x005F_x000D_
_x005F_x000D_
Mercado Pago_x005F_x000D_
"	"
				Não avaliado pelo consumidor"
22	Mercado Pago	 22/04/2021	MG	Belo Horizonte	"
				hoje minha conta foi indevidamente suspensa, sem motivo algum, simplesmente suspenderam e o meu dinheirocede venda está lá preso não consigo enviar os produtos dos meus clientes, como fica essa situação??"	"
				Olá, Talysson!_x005F_x000D_
_x005F_x000D_
Entrei em contato com nossa equipe especializada e informo que a restrição aplicada em seu cadastro (apelido: SUPERAIPODS3) será mantida de forma permanente._x005F_x000D_
_x005F_x000D_
Identificamos comportamentos irregulares que violam os nossos Termos e Condições, por esse motivo, não podemos mais oferecer nossos serviços a você. Deixo um link sobre inabilitação de contas e de alguns esclarecimentos que temos sobre nossos procedimentos, para que possa consultar. https://www.mercadolivre.com.br/ajuda/Inhabilitacao-o-Suspensao-de-usuarios_s1101_x005F_x000D_
_x005F_x000D_
Notamos que possui saldo disponível em sua conta Mercado Pago e ele será liberado para retirada a partir de 22/07/2021, pois será necessária uma análise mais detalhada. Após a data informada, pedimos que entre em contato através da seção de Contato do Mercado Livre para solicitar a liberação do saldo._x005F_x000D_
_x005F_x000D_
Nessa data a sua conta também será ativa, por conta de algumas informações que tem que ser analisadas._x005F_x000D_
_x005F_x000D_
Pelo computador, no site do Mercado Pago, clique na notificação de suspensão > Entrar em contato > Campo de mensagem. Pelo aplicativo, clique na notificação de suspensão > Fazer uma consulta > Campo de mensagem._x005F_x000D_
_x005F_x000D_
Caso precise de algo estarei a sua disposição sempre que precisar, se tiver alguma dúvida entre em contato conosco._x005F_x000D_
_x005F_x000D_
Maria _x005F_x000D_
_x005F_x000D_
Mercado Pago_x005F_x000D_
"	"
				Não avaliado pelo consumidor"
23	Azul Linhas Aéreas	 22/04/2021	MG	Varginha	"
				Devido a pandemia COVIDXXXXX-X9 solicitei cancelamento com reembolso do voo com reserva BDPC8M no dia 01/04/2020. Foi informado que haveria reembolso após 1 ano do cancelamento da passagem, o que ainda não ocorreu. _x005F_x000D_
Gostaria de esclarecimentos."	"
				Olá Camila, boa tarde!_x005F_x000D_
_x005F_x000D_
Em atenção à reclamação registrada, informamos que, a tratativa consta na carta em anexo. Caso esteja acessando esta plataforma através de seu aparelho celular, solicitamos que ative a rotação automática e visualize a página com o aparelho na horizontal ou puxe a página para a esquerda, afim de visualizar o anexo._x005F_x000D_
_x005F_x000D_
Pedimos a gentileza de responder a avaliação disponibilizada por esta plataforma pois, a mesma é de grande importância para nosso aprimoramento._x005F_x000D_
_x005F_x000D_
Permanecemos à disposição em nosso canal de atendimento SAC (serviço de atendimento ao cliente) 0800 884 4040, Central de Vendas XXXXX-X118 (capitais e regiões metropolitanas) e 0800 887 1118 (demais localidades)._x005F_x000D_
_x005F_x000D_
Agradecemos o contato e lhe desejamos um ótimo dia!_x005F_x000D_
_x005F_x000D_
###S;N;W;D;P;5300###"	"
				Não avaliado pelo consumidor"
24	Pag!	 08/04/2021	MG	Cataguases	"
				Bom dia! ontem efetuei o pagamento de adiantamento do boleto pag,porem não estou vendo a compensação do valor em meu aplicativo pag, pois ainda consta que estou devendo!"	"
				<não respondido pela empresa>"	"
				Não avaliado pelo consumidor"
25	Riachuelo - Loja Online	 20/04/2021	MG	Juiz de Fora	"
				Fiz uma compra de uma peça pela internet, após recebimento, não satisfeita com o produto adquirido, solicitei troca. Fiz a devolução do produto via correios e até hoje não tive nenhum retorno referente à solicitação de troca. Sendo gerado o maior transtorno."	"
				Olá Mariana, espero que esteja bem !_x005F_x000D_
_x005F_x000D_
Encaminhamos mais detalhes da sua solicitação complemento da reclamação._x005F_x000D_
_x005F_x000D_
Atenciosamente,_x005F_x000D_
_x005F_x000D_
Maria Silva - Equipe Riachuelo Online_x005F_x000D_
Do meu Jeito Riachuelo._x005F_x000D_
Atendimento Loja Virtual_x005F_x000D_
4003 0515 (Capitais e Regiões Metropolitanas)_x005F_x000D_
0800 729 0515 (Demais Localidades)_x005F_x000D_
"	"
				Não avaliado pelo consumidor"
26	Ebanx	 10/04/2021	MG	Patrocínio	"
				Ja fiz reclamação antes eu comprei um detox caps de marcos vendas pela shoope ebank no dia 23/11/2020,no msm dia cancelei a compra,mais ja tinha descontado o valor da minha conta so q ate hj naum tive o reembolso so quero meu dinheiro de volta ou a mercadoria desde ja agradeço"	"
				Olá Solange, _x005F_x000D_
_x005F_x000D_
Verificamos aqui que o seu reembolso foi pago no dia 03/12/2020 para sua conta bancária da Caixa, segue anexo o comprovante._x005F_x000D_
_x005F_x000D_
Qualquer outra dúvida, ficamos a disposição._x005F_x000D_
Equipe de suporte EBANX."	"
				Não avaliado pelo consumidor"
27	Cemig	 15/04/2021	MG	Belo Horizonte	"
				Gostaria novamente de solicitar uma revisão no valor da minha conta de abril/21,pois eu já fiz ano passado esta solicitação na qual me foi atendida.Como expliquei na minha reclamação do ano passado,eu moro sozinha, tenho apenas 1 tv em casa que so ligo a noite, uma geladeira que na qual fica ligada é óbvio, fora isso SOMENTE APOS as +XXXXX-X9:00 em diante que chego em casa que tomo um banho e acendo luzes. Quero com isso mostrar que meu uso de energia é mínimo possível ,pois ganho salário mínimo portanto economizo ao máximo no que posso.Foi feito essa revisão, minha conta abaixou na qual concordei e agradeci,porém foi trocado alguns relógios no condomínio e um deles é o meu,que fez minha conta voltar a ser bastante alta.Peço que dê-me atenção,revisem os valores da minha conta,pois não condizem com os meus gastos.Repito: MORO SOZINHA,SAIO AS 6.30 DA MANHA PRO TRABALHO,RETORNO EM CASA POR VOLTA DAS 19:30 EM DIANTE,TRABALHO AOS SÁBADOS,ENFIM......NÃO JUSTIFICA ESTE VALOR ALTO DE CONTA.Aguardo um retorno,pois já liguei sem sucesso a cemig."	"
				Michelle, boa noite!_x005F_x000D_
_x005F_x000D_
Protocolo de atendimento: 2429414254._x005F_x000D_
_x005F_x000D_
Em atenção ao seu manifesto, informamos que referente a solicitação registrada no dia 15.04.2021, a mesma encontra-se sob análise do setor responsável. Pedimos sua gentileza que continue aguardando a conclusão, e se possível, por enquanto não finalize ou avalie a reclamação aqui no site. _x005F_x000D_
_x005F_x000D_
Apesar de agora a reclamação constar como respondida, ainda estamos avaliando as informações junto ao setor responsável, e assim que for emitido o posicionamento publicaremos aqui no site através da opção de interação, por isso ainda pedimos que você mantenha a reclamação em aberto aqui no site._x005F_x000D_
_x005F_x000D_
É importante que você mantenha a reclamação em aberto para que possamos realizar a nova interação repassando o posicionamento completo da sua solicitação, caso contrário não será possível repassarmos as devidas informações através deste site._x005F_x000D_
_x005F_x000D_
Atenciosamente,_x005F_x000D_
M.L/Equipe Fale com a Cemig._x005F_x000D_
"	"
				Não avaliado pelo consumidor"
28	Cemig	 15/04/2021	MG	Belo Horizonte	"
				Essa reclamação refere-se à cobrança indevida de valores relativos à consumo de energia elétrica. Refere-se a uma sala comercial onde funciona um escritório de advocacia. A título de informação, o consumo médio dessa sala durante o ano de 2020, em que ficou fechada, variou entre 01 a 02 Kw/h por mês ou 0,03 a 0,07 kw/dia. O valor a pagar variava pouco de R$ 48,00 (quarenta e oito reais - arredondamento do valor mínimo) Assim foi entre março de 2020 até outubro de 2020. Em novembro de 2020 recebo uma cobrança relativa ao mês de outubro de : 1039 kw/h; 31,48 kw/dia; totalizando R$ 932,12 (novecentos e trinta e dois reais e doze centavos). O consumo mensal que era de 01 a 02 kw supostamente aumentou para 1039 kw. O consumo diário de 0,03 a 0,07 kw  teve um salto para 31,48kw. A conta de consumo mínimo de R$ 48,00 (arredondamento) aumentou para R$1039,00 (mil e trinta e nove reais). A discrepância é tão absurda que imaginei que a mera comunicação à CEMIG seria suficiente para solucionar a questão. Esse aumento irreal no consumo de uma sala fechada só poderia ser resultado de uma falha no medidor. Nenhum aparelho elétrico ligado ininterruptamente nesse período seria capaz de gerar esse consumo medido e cobrado. Em completa surpresa, desliguei o disjuntor da sala até a data da visita técnica uma vez que o escritório permanecia fechado em razão da pandemia. Procurei a CEMIG e foi agendada uma visita técnica em 24/11/2020. O técnico veio e substituiu o medidor levando o que estava instalado para perícia. Em dezembro de 2020 recebo a conta relativa ao mês de novembro : 792kw/h, 27,31kw/h por dia e total de R$ 750,60 (setecentos e cinquenta reais e sessenta centavos). Totalmente fora da realidade. Em 30/11/2020 recebi uma correspondência de conteúdo incompreensível dizendo que havia sido constatada evidência de irregularidade no medidor mas meu pedido de revisão havia sido considerado improcedente. Contraditório e equivocado. Em 05/01/2021 voltei à sede da CEMIG solicitando explicações sobre essa questão. A atendente me disse que iria suspender a cobrança desses valores absurdos até a realização da perícia do medidor e que eu seria comunicado do resultado. Não fui comunicado de nada até a presente data e contunuo recebendo cobranças desses valores absurdos com ameaças de enviar meu nome para o SPC/SERASA."	"
				José, boa noite!_x005F_x000D_
_x005F_x000D_
Protocolo de atendimento: 2429414846._x005F_x000D_
_x005F_x000D_
Em atenção ao seu manifesto, informamos que referente a solicitação registrada no dia 15.04.2021, a mesma encontra-se sob análise do setor responsável. Pedimos sua gentileza que continue aguardando a conclusão, e se possível, por enquanto não finalize ou avalie a reclamação aqui no site. _x005F_x000D_
_x005F_x000D_
Apesar de agora a reclamação constar como respondida, ainda estamos avaliando as informações junto ao setor responsável, e assim que for emitido o posicionamento publicaremos aqui no site através da opção de interação, por isso ainda pedimos que você mantenha a reclamação em aberto aqui no site._x005F_x000D_
_x005F_x000D_
É importante que você mantenha a reclamação em aberto para que possamos realizar a nova interação repassando o posicionamento completo da sua solicitação, caso contrário não será possível repassarmos as devidas informações através deste site._x005F_x000D_
_x005F_x000D_
Atenciosamente,_x005F_x000D_
M.L/Equipe Fale com a Cemig._x005F_x000D_
"	"
				Não avaliado pelo consumidor"
29	Cemig	 15/04/2021	MG	Ibirit�	"
				Estou no imóvel a mais de 15 anos e a única alteração que tive foi no CNPJ da empresa e alterei o nome da conta. Nisso veio um técnico para fazer isso. Quando foi no dia 27/11/2020 recebi uma carta falando que tinha irregularidade na minha conta. De forma alguma fiz qualquer coisa para alteração a conta como foi descrito na carta. Escrevi uma carta para que a Cemig me respondesse, pois tive varias duvidas sobre a cobrança de uma irregularidade que não tive culpa. A única resposta que tive foi de como seria cobrado a conta."	"
				Julia, boa noite!_x005F_x000D_
_x005F_x000D_
Protocolo de atendimento: 2429413757._x005F_x000D_
_x005F_x000D_
Em atenção ao seu manifesto, informamos que referente a solicitação registrada no dia 15.04.2021, a mesma encontra-se sob análise do setor responsável. Pedimos sua gentileza que continue aguardando a conclusão, e se possível, por enquanto não finalize ou avalie a reclamação aqui no site. _x005F_x000D_
_x005F_x000D_
Apesar de agora a reclamação constar como respondida, ainda estamos avaliando as informações junto ao setor responsável, e assim que for emitido o posicionamento publicaremos aqui no site através da opção de interação, por isso ainda pedimos que você mantenha a reclamação em aberto aqui no site._x005F_x000D_
_x005F_x000D_
É importante que você mantenha a reclamação em aberto para que possamos realizar a nova interação repassando o posicionamento completo da sua solicitação, caso contrário não será possível repassarmos as devidas informações através deste site._x005F_x000D_
_x005F_x000D_
Atenciosamente,_x005F_x000D_
M.L/Equipe Fale com a Cemig._x005F_x000D_
"	"
				Não avaliado pelo consumidor"
30	Cemig	 15/04/2021	MG	Belo Horizonte	"
				Em 09/02/2021 efetuei um pagamento de uma conta atrasada de 01/05/2019. Na conta de cobrança não havia nenhuma informação de cobrança de juros e multas._x005F_x000D_
Porém na conta de vencimento do dia 11/04/2021 veio cobrando juros de 1% ao mês e correção de IGPM relativa a conta atrasada. Porém, não me foi informado sobre os valores extras que seriam cobrado juntamente com a conta do mês de março._x005F_x000D_
Sendo assim, a empresa não pode ludibriar o consumidor e surpreende-lo com cobrança que não foram previamente informada na conta."	"
				Thiago, boa tarde!_x005F_x000D_
_x005F_x000D_
Protocolo de atendimento: 2429410603._x005F_x000D_
_x005F_x000D_
Em atenção ao seu manifesto, informamos que referente a solicitação registrada no dia 15.04.2021, a mesma encontra-se sob análise do setor responsável. Pedimos sua gentileza que continue aguardando a conclusão, e se possível, por enquanto não finalize ou avalie a reclamação aqui no site. _x005F_x000D_
_x005F_x000D_
Apesar de agora a reclamação constar como respondida, ainda estamos avaliando as informações junto ao setor responsável, e assim que for emitido o posicionamento publicaremos aqui no site através da opção de interação, por isso ainda pedimos que você mantenha a reclamação em aberto aqui no site._x005F_x000D_
_x005F_x000D_
É importante que você mantenha a reclamação em aberto para que possamos realizar a nova interação repassando o posicionamento completo da sua solicitação, caso contrário não será possível repassarmos as devidas informações através deste site._x005F_x000D_
_x005F_x000D_
Atenciosamente,_x005F_x000D_
M.L/Equipe Fale com a Cemig._x005F_x000D_
"	"
				Não avaliado pelo consumidor"
31	Cemig	 15/04/2021	MG	Juiz de Fora	"
				Preciso entender quais valores estao em aberto, o aplicativo e o site dizem uma coisa, as contas que chegam em minha residência dizem outra. Preciso da informação precisa pois paguei algumas contas e os valores não estão batendo._x005F_x000D_
Telefone para contato: XXX.XXX.XXX-XX ou XXX.XXX.XXX-XX_x005F_x000D_
Email para envio das contas atualizadas: XXXXXXXXXXX@XXXXX.XXX_x005F_x000D_
Não enviar as que constam no site estão erradas._x005F_x000D_
Nº DO CLIENTE Nº DA INSTALAÇÃO_x005F_x000D_
7001368304 3000218317"	"
				João, boa noite!_x005F_x000D_
_x005F_x000D_
Protocolo de atendimento: 2429413342._x005F_x000D_
_x005F_x000D_
Em atenção ao seu manifesto, informamos que referente a solicitação registrada no dia 15.04.2021, a mesma encontra-se sob análise do setor responsável. Pedimos sua gentileza que continue aguardando a conclusão, e se possível, por enquanto não finalize ou avalie a reclamação aqui no site. _x005F_x000D_
_x005F_x000D_
Apesar de agora a reclamação constar como respondida, ainda estamos avaliando as informações junto ao setor responsável, e assim que for emitido o posicionamento publicaremos aqui no site através da opção de interação, por isso ainda pedimos que você mantenha a reclamação em aberto aqui no site._x005F_x000D_
_x005F_x000D_
É importante que você mantenha a reclamação em aberto para que possamos realizar a nova interação repassando o posicionamento completo da sua solicitação, caso contrário não será possível repassarmos as devidas informações através deste site._x005F_x000D_
_x005F_x000D_
Atenciosamente,_x005F_x000D_
M.L/Equipe Fale com a Cemig._x005F_x000D_
"	"
				Não avaliado pelo consumidor"
32	Cemig	 14/04/2021	MG	Belo Horizonte	"
				Boa tarde meu nome é Filipe Mota Xavier,filho do titular atacilio xavier, no qual nao tenho vinculo,eu sou inscrito no cadastro único_x005F_x000D_
Fiz a solicitação de tarifa solicial,_x005F_x000D_
E a mesma foi efetuada com sucesso_x005F_x000D_
Pessoal eu recebo 179,00 reais de bolsa familia_x005F_x000D_
Pra mim e minha mãe passar o mês,e a conta nesse valor 160,00 para pagar em maio,eu ja tive a minha energia cortada por falta de pagamento,tenho HIV e tem dia que nao tenho dinheiro para ir buscar o meu medicamento,estou desempregado,ainda nem paguei a conta do mes de abril,por questao dessa doença que expliquei."	"
				Felipe, boa tarde!_x005F_x000D_
_x005F_x000D_
Protocolo de atendimento: 2429406133._x005F_x000D_
_x005F_x000D_
Em atenção ao seu manifesto, informamos que em retorno a solicitação formalizada no dia 14.04.2021, a mesma foi julgada improcedente._x005F_x000D_
 Esclarecemos que o setor responsável emitiu resposta informando que, a fatura referente a 04/2021 de R$ 160,05 vencimento em 02.05.2021 já se encontra com benefício Tarifa Social._x005F_x000D_
_x005F_x000D_
Segue nossos canais de atendimento para qualquer dúvida: https://novoportal.cemig.com.br/atendimento/canais-de-atendimento/ _x005F_x000D_
                     _x005F_x000D_
Agradecemos o contato no site e colocamo-nos à disposição para maiores informações e/ou esclarecimentos._x005F_x000D_
_x005F_x000D_
Atenciosamente,_x005F_x000D_
M.L/ Equipe Fale com a Cemig._x005F_x000D_
"	"
				Não avaliado pelo consumidor"
33	Cemig	 14/04/2021	MG	Sabará	"
				no dia 31/03/21 foi feito uma inspeção aqui em casa e foi constado  desvio de luz no ramal de entrada e levaram os três medidores e já foi concertado no seu devido lugar ,ai vieram  a inspeção de novo  e foi aprovado e pediram para ligar 116 e a atendente da cemig marcou para o dia 08/04/21 e ninguém apareceu e liguei de novo e pedi de novo a religação dos medidores e a atendente falou em 24 horas ele ia vir para religar e já são 14 dias sem luz e tenho um apessoa idosa que meu pai um senhor de 87 anos de toma remédios controlado e ta tomados  os remédios a base de velas  e não pode assistir um televisão porque ta no escuro  e com essa pandemia com ficar em casa sem nada para fazer  e minha contas sao paga antes do vencimento não devo nada a cemig"	"
				Claudia, boa tarde!_x005F_x000D_
_x005F_x000D_
Protocolo de atendimento: 2429408249._x005F_x000D_
_x005F_x000D_
Em atenção ao seu manifesto, informamos que referente a solicitação registrada no dia 15.04.2021, a mesma encontra-se sob análise do setor responsável. Pedimos sua gentileza que continue aguardando a conclusão, e se possível, por enquanto não finalize ou avalie a reclamação aqui no site. _x005F_x000D_
_x005F_x000D_
Apesar de agora a reclamação constar como respondida, ainda estamos avaliando as informações junto ao setor responsável, e assim que for emitido o posicionamento publicaremos aqui no site através da opção de interação, por isso ainda pedimos que você mantenha a reclamação em aberto aqui no site._x005F_x000D_
_x005F_x000D_
É importante que você mantenha a reclamação em aberto para que possamos realizar a nova interação repassando o posicionamento completo da sua solicitação, caso contrário não será possível repassarmos as devidas informações através deste site._x005F_x000D_
_x005F_x000D_
Atenciosamente,_x005F_x000D_
M.L/Equipe Fale com a Cemig._x005F_x000D_
"	"
				Não avaliado pelo consumidor"
34	Cemig	 14/04/2021	MG	Uberaba	"
				Em XXXXX-XXXXXX-X020 recebi uma conta de energia no valor exorbitante de R$977,45, referente a outubro de 2020. Em reclamação na ouvidoria nº 1146733234, a Cemig se ateve a responder que essa conta se refere a medições que não foram feitas em meses anteriores, e assim houve um acúmulo de medições que geraram essa conta. Como consumidora, entendo ter sido precariamente informada sobre os procedimentos realizados pela Cemig, até porque em nenhum momento anterior  me foi informado por nenhum meio que a Cemig não estava conseguindo fazer as medições, todos os meses recebi normalmente as contas para efetuar os pagamentos."	"
				Caroline, boa tarde!_x005F_x000D_
_x005F_x000D_
Protocolo de atendimento: 2429407181._x005F_x000D_
_x005F_x000D_
Em atenção ao seu manifesto, informamos que referente a solicitação registrada no dia 14.04.2021, a mesma encontra-se sob análise do setor responsável. Pedimos sua gentileza que continue aguardando a conclusão, e se possível, por enquanto não finalize ou avalie a reclamação aqui no site. _x005F_x000D_
_x005F_x000D_
Apesar de agora a reclamação constar como respondida, ainda estamos avaliando as informações junto ao setor responsável, e assim que for emitido o posicionamento publicaremos aqui no site através da opção de interação, por isso ainda pedimos que você mantenha a reclamação em aberto aqui no site._x005F_x000D_
_x005F_x000D_
É importante que você mantenha a reclamação em aberto para que possamos realizar a nova interação repassando o posicionamento completo da sua solicitação, caso contrário não será possível repassarmos as devidas informações através deste site._x005F_x000D_
_x005F_x000D_
Atenciosamente,_x005F_x000D_
M.L/Equipe Fale com a Cemig._x005F_x000D_
"	"
				Não avaliado pelo consumidor"
35	Cemig	 14/04/2021	MG	Belo Horizonte	"
				RECLAMAÇÃO COMPLETA NO ANEXO EM PDF._x005F_x000D_
_x005F_x000D_
CLÁUDIA APARECIDA PENNA FORTE RODRIGUES, brasileira, casada, portadora da Carteira de Identidade n° MG3615447, inscrita no CPF sob o n°. XXX.XXX.XXX-XX, residente e domiciliada à Rua Carlos Schettino, n° 756, bairro Nova Gameleira, Belo Horizonte/MG, Cep 30.XXXXX-X70, cliente CEMIG de N° 7004580351 comparece, por este documento, apresentando RECURSO ADMINISTRATIVO em face de Aviso de Processo Administrativo identificado CEXXXXX-X5.466/2020._x005F_x000D_
	Da leitura da Notificação enviada pela CEMIG na data de 17/03/2021, afere-se identificação de uma irregularidade descrita no Termo de Ocorrência e Inspeção N° 091271/20, que culminou na revisão do faturamento das contas de luz e gerou um débito de R$ 4.208,50. _x005F_x000D_
A recorrente reside no imóvel objeto da inspeção realizada há cerca 25 anos de forma ininterrupta, sendo que sempre disponibilizou o acesso de propostos da recorrida ao seu imóvel quando requisitada._x005F_x000D_
		No mês de julho/2019, a CEMIG realizou manutenção no relógio após a religação da energia mediante quitação das contas, instalando novos lacres no medidor._x005F_x000D_
No entanto, no dia 02/12/20 a recorrente recebeu visita de um técnico para verificação do medidor, sob o fundamento de constatação de baixo consumo e dissonância com as características do imóvel. _x005F_x000D_
	Na oportunidade, o funcionário, que veio sozinho, informou que o motivo da visita se tratava de verificação pelo baixo volume de consumo de energia, bem como perguntou se o usuário presente, Wenderson Pires Rodrigues, brasileiro, casado, de CPF XXX.XXX.XXX-XX, residente e domiciliado à Rua Carlos Schettino, n° 756, bairro Nova Gameleira, Belo Horizonte/MG, Cep 30.XXXXX-X70,  autorizaria sua entrada na residência, que foi prontamente atendida. _x005F_x000D_
Ao abordar o padrão, o técnico realizou a verificação visual externa, nada encontrando de anormal. Logo, percebeu o recebente a ação voluntária de rompimento dos lacres intactos até então, confirmados pelo próprio presente servidor, bem como seu  laudo técnico. Após tal rompimento, o funcionário obtém acesso visual, nada encontrando, partindo de tal forma para o desmonte do referido equipamento. Ao término, o mesmo afirmou haver um erro técnico, provavelmente cometido na montagem do padrão. Afirmou ainda ter encontrado um lacre interno raspado, porém devidamente lacrado, de forma que começou em seguida a remontá-lo, inserindo novos lacres. Ao fim da visita técnica, o servidor entregou ao recebente os lacres rompidos no processo de inspeção, indagado pelo recebente por que não os levaria para futura perícia e identificação do servidor responsável pelo erro técnico supramencionado, respondendo prontamente ""não posso, porque não quero prejudicar nenhum colega.""  Nestante, o recebente fora solicitado a assinar o Termo de Ocorrência e Inspeção, bem como informado que não teria razões para preocupar-se, pois em se tratando da natureza de erro técnico de próprio funcionário da CEMIG, não lhe seria atribuído nenhuma sanção."	"
				Cláudia, boa tarde!_x005F_x000D_
_x005F_x000D_
Protocolo de atendimento: 2429395610._x005F_x000D_
_x005F_x000D_
Em atenção ao seu manifesto, informamos que em retorno a solicitação formalizada no dia 14.04.2021, a mesma foi julgada improcedente. _x005F_x000D_
Esclarecemos que o setor responsável emitiu resposta informando que, as informações são insuficientes para a alteração da revisão de faturamento realizada conforme memória descritiva do cálculo encaminhada junto ao aviso de processo administrativo de irregularidade._x005F_x000D_
Para nova análise, solicitamos que sejam apresentados documentos e informações que justifiquem a revisão dos parâmetros utilizados na cobrança. _x005F_x000D_
_x005F_x000D_
Os procedimentos adotados pela Cemig, no que tange a inspeção, caracterização e cobrança de irregularidade, estão de acordo com a Resolução Normativa nº 414 da ANEEL que é juridicamente válida porque a lei nº 8.987/1995 atribuiu à ANEEL – Agência Nacional de Energia Elétrica – um amplo poder normativo, mediante o qual são estabelecidas regras complementares à Lei, no âmbito da denominada ""discricionariedade técnica""._x005F_x000D_
_x005F_x000D_
Ressaltamos que a irregularidade se deu através de desvio, conforme indica o campo 6 do Termo de Ocorrência de Inspeção nº 091271/20, de 02.12.2020._x005F_x000D_
_x005F_x000D_
A irregularidade detectada (desvio de energia) não é um artifício implementado diretamente no medidor. Trata-se de um caminho alternativo à passagem de energia, fazendo com que parte do consumo não seja captado pelo equipamento de medição. Esse tipo de ocorrência não se confunde com desgaste natural ou defeito no medidor. Caso a(o) referida(o) PN tenha interesse em negociar o débito, solicitamos que entre em contato, conforme carta enviada._x005F_x000D_
_x005F_x000D_
Segue nossos canais de atendimento para qualquer dúvida: https://novoportal.cemig.com.br/atendimento/canais-de-atendimento/ _x005F_x000D_
                     _x005F_x000D_
Agradecemos o contato no site e colocamo-nos à disposição para maiores informações e/ou esclarecimentos._x005F_x000D_
_x005F_x000D_
Atenciosamente,_x005F_x000D_
M.L/ Equipe Fale com a Cemig._x005F_x000D_
"	"
				Não avaliado pelo consumidor"
36	Cemig	 14/04/2021	MG	Uberaba	"
				Aluguei o meu imóvel para um parente no prazo de 03 anos. No ano de 2020 retornei e após 07 dias, os técnicos da empresa compareceram até minha residência para realizar a inspeção técnica no equipamento de medição e fui informada por eles que havia irregularidade. O equipamento foi retirado e levado pelos técnicos para análise e instalado outro no lugar. Devido a violação do equipamento de medidor que não é de meu conhecimento, recebi uma multa de R$4.407,24 e conforme a proposta de parcelamento oferecido pela empresa CEMIG , não será um valor razoável para pagamento, que caiba no meu orçamento."	"
				Suely, boa tarde!_x005F_x000D_
_x005F_x000D_
Protocolo de atendimento: 2429393348._x005F_x000D_
_x005F_x000D_
Em atenção ao seu manifesto, informamos que referente a solicitação registrada no dia 14.04.2021, a mesma encontra-se sob análise do setor responsável. Pedimos sua gentileza que continue aguardando a conclusão, e se possível, por enquanto não finalize ou avalie a reclamação aqui no site. _x005F_x000D_
_x005F_x000D_
Apesar de agora a reclamação constar como respondida, ainda estamos avaliando as informações junto ao setor responsável, e assim que for emitido o posicionamento publicaremos aqui no site através da opção de interação, por isso ainda pedimos que você mantenha a reclamação em aberto aqui no site._x005F_x000D_
_x005F_x000D_
É importante que você mantenha a reclamação em aberto para que possamos realizar a nova interação repassando o posicionamento completo da sua solicitação, caso contrário não será possível repassarmos as devidas informações através deste site._x005F_x000D_
_x005F_x000D_
Atenciosamente,_x005F_x000D_
M.L/Equipe Fale com a Cemig._x005F_x000D_
"	"
				Não avaliado pelo consumidor"
37	Cemig	 14/04/2021	MG	Uberlândia	"
				Já abri uma reclamação anteriormente pedido para que eu conseguisse parcelar meus débitos com vocês e não foi possível por não tenho mais instalação ativa até a ai tudo bem, vocês me informou que poderia parcelar pelo cartão de crédito pelo site de vocês , como informei não possuo cartão de crédito e gostaria de parcelar muito no cartão só que quando vou parcelar não finaliza porque não sou titular do cartão assim fica difícil vocês não ajuda o cidadão"	"
				Jéssica, boa tarde!_x005F_x000D_
_x005F_x000D_
Protocolo de atendimento: 2429386117._x005F_x000D_
_x005F_x000D_
Em atenção ao seu manifesto, informamos que referente a solicitação registrada no dia 14.04.2021, a mesma encontra-se sob análise do setor responsável. Pedimos sua gentileza que continue aguardando a conclusão, e se possível, por enquanto não finalize ou avalie a reclamação aqui no site. _x005F_x000D_
_x005F_x000D_
Apesar de agora a reclamação constar como respondida, ainda estamos avaliando as informações junto ao setor responsável, e assim que for emitido o posicionamento publicaremos aqui no site através da opção de interação, por isso ainda pedimos que você mantenha a reclamação em aberto aqui no site._x005F_x000D_
_x005F_x000D_
É importante que você mantenha a reclamação em aberto para que possamos realizar a nova interação repassando o posicionamento completo da sua solicitação, caso contrário não será possível repassarmos as devidas informações através deste site._x005F_x000D_
_x005F_x000D_
Atenciosamente,_x005F_x000D_
M.L/Equipe Fale com a Cemig._x005F_x000D_
"	"
				Não avaliado pelo consumidor"
38	Cemig	 15/04/2021	MG	Uberlândia	"
				Boa tarde, no dia 06/04/2021 fiz uma contestação junto a Cemig referente uma conta com vencimento em 13/04/2021 valor R$ 223,92 a qual não estou de acordo com o consumo. Gasto em média 60 kWh mês, nessa conta veio 244 kWh mês 
A Cemig alega que fizeram uma média por falta de leitura da minha parte, pois bem, a chácara só fica fechada, vou lá uma vez por mês. O atendente me disse que o leiturista vai de 3 em 3 meses fazer leitura e que sou obrigado a passar a leitura todo mês . No sistema consta que tem 12 meses que não se faz leitura tanto da minha parte quanto da Cemig. Como chegaram nesse consumo? Não sou obrigado a pagar por erro deles. Portanto exijo o estorno da diferença cobrada"	"
				João, boa noite!_x005F_x000D_
_x005F_x000D_
Protocolo de atendimento: 2429413001._x005F_x000D_
_x005F_x000D_
Em atenção ao seu manifesto, informamos que referente a solicitação registrada no dia 15.04.2021, a mesma encontra-se sob análise do setor responsável. Pedimos sua gentileza que continue aguardando a conclusão, e se possível, por enquanto não finalize ou avalie a reclamação aqui no site. _x005F_x000D_
_x005F_x000D_
Apesar de agora a reclamação constar como respondida, ainda estamos avaliando as informações junto ao setor responsável, e assim que for emitido o posicionamento publicaremos aqui no site através da opção de interação, por isso ainda pedimos que você mantenha a reclamação em aberto aqui no site._x005F_x000D_
_x005F_x000D_
É importante que você mantenha a reclamação em aberto para que possamos realizar a nova interação repassando o posicionamento completo da sua solicitação, caso contrário não será possível repassarmos as devidas informações através deste site._x005F_x000D_
_x005F_x000D_
Atenciosamente,_x005F_x000D_
M.L/Equipe Fale com a Cemig._x005F_x000D_
"	"
				Não avaliado pelo consumidor"
39	Cemig	 14/04/2021	MG	Belo Horizonte	"
				Veio um agente da cemig até o meu prédio e fez a troca do meu medidor de energia._x005F_x000D_
Após FINALIZAR o serviço, ele chamou em minha residência e disse que havia feito a troca por um novo. Pediu para que eu assinasse a TOI (Q não sei o que é de fato). E que se recusasse poderia enviar algum tipo de intimação para comparecer à cemig._x005F_x000D_
Comentou que o ferro do lacre estava QUASE rompido. Mas nem conferi pois ele já havia trocado tudo._x005F_x000D_
Alguns dias depois chegou uma cobrança sem fundamentos e/ou critérios para tal._x005F_x000D_
Caso não estivesse de acordo enviasse um recurso._x005F_x000D_
Enviei o recurso e não tive qualquer tipo de resposta._x005F_x000D_
Agora, mais de 6 meses depois veio novamente a cobrança, sem nenhuma explicação ou fundamento._x005F_x000D_
Entrei novamente em contato e me disseram que não tratam do assunto por telefone e que teria de agendar pelo site._x005F_x000D_
O site apenas apresenta erro e não me deixa prosseguir com o tal agendamento._x005F_x000D_
O fato é que é uma cobrança indevida e sem fundamentos e não tenho nenhuma resposta plausível e nem o cancelamento."	"
				Gustavo, boa tarde!_x005F_x000D_
_x005F_x000D_
Protocolo de atendimento: 2429409096._x005F_x000D_
_x005F_x000D_
Em atenção ao seu manifesto, informamos que em retorno a solicitação formalizada no dia 15.04.2021, a mesma foi julgada improcedente. _x005F_x000D_
Esclarecemos que o setor responsável emitiu resposta informando que, os procedimentos adotados pela Cemig, no que tange a inspeção, caracterização e cobrança de irregularidade, estão de acordo com a Resolução Normativa nº 414 da ANEEL que é juridicamente válida porque a lei nº 8.987/1995 atribuiu à ANEEL Agência Nacional de Energia Elétrica um amplo poder normativo, mediante o qual são estabelecidas regras complementares à Lei, no âmbito da denominada ""discricionariedade técnica""._x005F_x000D_
_x005F_x000D_
A Cemig comprovou adequadamente a materialidade dos fatos pelo Relatório de Avaliação Técnica do medidor. Sobre a autoria, cumpre esclarecer que à luz do artigo 167, Inciso III da Resolução Normativa ANEEL nº 414/2010, o consumidor (titular da conta) é responsável pelos danos causados aos equipamentos de medição decorrentes de procedimento irregular._x005F_x000D_
_x005F_x000D_
O relatório de avaliação técnica do medidor apontou: Selo(s) violado(s) e reconstituído(s), permitindo acesso ao interior do medidor. Registrador não registra consumo. Mancal deslocado com elemento móvel descentralizado e com ranhuras, provocando atrito excessivo._x005F_x000D_
_x005F_x000D_
Após constatada a irregularidade, o consumo se elevou, de um patamar médio de 32 kWh/mês para 116 kWh/mês, o que evidencia o impacto negativo da ocorrência faturamento da Companhia._x005F_x000D_
_x005F_x000D_
Caso a(o) referida(o) PN tenha interesse em negociar o débito, solicitamos que entre em contato, conforme carta enviada._x005F_x000D_
_x005F_x000D_
Segue nossos canais de atendimento para qualquer dúvida: https://novoportal.cemig.com.br/atendimento/canais-de-atendimento/ _x005F_x000D_
                     _x005F_x000D_
Agradecemos o contato no site e colocamo-nos à disposição para maiores informações e/ou esclarecimentos._x005F_x000D_
_x005F_x000D_
Atenciosamente,_x005F_x000D_
M.L/ Equipe Fale com a Cemig._x005F_x000D_
"	"
				Não avaliado pelo consumidor"
40	Cemig	 14/04/2021	MG	Ouro Preto	"
				Houve corte da energia elétrica na residência no dia 12 de Abril sem aviso prévio como solicita a legislação  14015/2020 e a resolução  normativa 878/2020. Constatou-se uma divida no valor de R$328,10, quitada e apresentada na unidade no mesmo dia, as 15:40. Houve o compromisso de religa até as 18:00 do mesmo dia, e não foi procedente. No dia 13, retornamos a unidade, no interesse de saber o motivo da não religa. Foi informado que seria realizada até as 15:00 do mesmo dia, o que não aconteceu.  As 15:30 ligamos para o 116, e foi-nos informado que não havia requerimento de religa no sistema. No dia 14, retornamos a unidade as 9:40 da manhã, e fomos informados que a energia havia sido religada.  Retornamos a residência e as 10:40 fotografamos o padrão de luz que comprovante que não houve a religa. Seguimos ao batalhão da polícia militar e registramos o boletim de ocorrência. Voltamos a unidade da cemig as 13:47 e ainda sem energia, fomos informados que não havia o que fazer, pois a energia estava ligada desde a manhã,  o que não é verídico."	"
				Leonardo, boa tarde!_x005F_x000D_
_x005F_x000D_
Protocolo de atendimento: 2429394398._x005F_x000D_
_x005F_x000D_
Em atenção ao seu manifesto, informamos que em retorno a solicitação formalizada no dia 14.04.2021, a mesma foi julgada improcedente. _x005F_x000D_
Esclarecemos que o setor responsável emitiu resposta informando que, não foram identificados indícios de mau comportamento._x005F_x000D_
_x005F_x000D_
A preocupação com o treinamento dos empregados que desempenham suas funções diretamente com o público é uma constante da Empresa, sejam eles do quadro funcional próprio ou terceirizado. Apesar deste empenho, estamos atentos à necessidade de eventuais correções, para as quais o retorno de nossos clientes é de fundamental importância._x005F_x000D_
_x005F_x000D_
Segue nossos canais de atendimento para qualquer dúvida: https://novoportal.cemig.com.br/atendimento/canais-de-atendimento/   _x005F_x000D_
                   _x005F_x000D_
Agradecemos o contato no site e colocamo-nos à disposição para maiores informações e/ou esclarecimentos._x005F_x000D_
_x005F_x000D_
Atenciosamente,_x005F_x000D_
M.L/ Equipe Fale com a Cemig._x005F_x000D_
"	"
				Não avaliado pelo consumidor"
41	Banco Cetelem	 20/04/2021	MG	Uberlândia	"
				Estou realizando a portabilidade do meu empréstimo consignado com parcela de R$123,77, para o banco Bradesco, e desejo que o Banco Cetelem libere o meu saldo devedor para que eu possa concluir a minha operação"	"
				Prezada  Nadir,          _x005F_x000D_
 _x005F_x000D_
Recebemos a sua reclamação formalizada por meio da plataforma “consumidor. gov”, cujo teor foi objeto da nossa melhor atenção._x005F_x000D_
 _x005F_x000D_
Sobre o tema abordado, informamos que o posicionamento conclusivo da instituição foi inserido no campo, por conter informações e dados protegidos por sigilo._x005F_x000D_
 _x005F_x000D_
Aproveitamos a oportunidade para agradecer o seu contato._x005F_x000D_
 _x005F_x000D_
Permanecemos à disposição para demais esclarecimentos._x005F_x000D_
 _x005F_x000D_
Atenciosamente,_x005F_x000D_
 _x005F_x000D_
Banco Cetelem S/A._x005F_x000D_
 _x005F_x000D_
"	"
				Não avaliado pelo consumidor"
42	Banco Cetelem	 12/04/2021	MG	Açucena	"
				Bom dia! Gostaria de verificar acerca dos descontos mensais que vem ocorrendo em meu benefício. _x005F_x000D_
_x005F_x000D_
Informo que possuo 04 consignados contratados e tenho verificado que os descontos no meu pagamento estão superiores aos valores das parcelas dos referidos empréstimos._x005F_x000D_
_x005F_x000D_
Ao obter o extrato da minha aposentadoria disponibilizado pelo posto de atendimento da Previdência Social de Belo Oriente/MG constatei o lançamento de um desconto no valor de R$43,47 referente a um EMPRESTIMO SOBRE A RMC, do qual não me recordo de ter contratado. _x005F_x000D_
_x005F_x000D_
Ao consultar o histórico da minha aposentadoria verifiquei que o referido desconto vem ocorrendo desde outubro de 2016. _x005F_x000D_
_x005F_x000D_
Nota-se que ao consultar a relação dos empréstimos consignados, consta na primeira folha a relação dos que foram de fato foram contratados por mim, junto ao banco ITAÚ CONSIGNADO S/A, porém, na segunda folha do extrato consta a informação de um contrato ativo de nº XXXXX-X20252177/16, CBC / Banco 739 - BANCO CETELEM, Data de Inclusão: 05/09/2016, Situação Ativo, Limite R$ 1.144,00 - Valor R$ 52,25 do qual não me recordo de ter contratado, até porque não possuo e nunca possuí nenhum cartão ou vínculo com o citado banco."	"
				Prezado Liberato          _x005F_x000D_
 _x005F_x000D_
Recebemos a sua reclamação formalizada por meio da plataforma “consumidor. gov”, cujo teor foi objeto da nossa melhor atenção._x005F_x000D_
 _x005F_x000D_
Sobre o tema abordado, informamos que o posicionamento conclusivo da instituição foi inserido no campo, por conter informações e dados protegidos por sigilo._x005F_x000D_
 _x005F_x000D_
Aproveitamos a oportunidade para agradecer o seu contato._x005F_x000D_
_x005F_x000D_
Permanecemos à disposição para demais esclarecimentos._x005F_x000D_
 _x005F_x000D_
Atenciosamente,_x005F_x000D_
 _x005F_x000D_
Banco Cetelem S/A._x005F_x000D_
"	"
				Não avaliado pelo consumidor"
43	Serasa Experian 	 24/04/2021	MG	Belo Horizonte	"
				Não consigo entrar em contato com a empresa para apagar consultas feitas no meu nome."	"
				Oi, Jeferson. Tudo bem?

 Acabamos de responder a sua solicitação. Por favor, acesse o campo ""Interagir com o fornecedor"" e confira a resposta.


Conte com o nosso apoio,
Equipe Serasa Experian."	"
				Não avaliado pelo consumidor"
44	LG Electronics	 23/04/2021	MG	Campo Belo	"
				EQUIPAMENTO COM O MESMO DEFEITO PELA SEGUNDA VEZ, APRESENTA VÍCIO (VAZAMENTO SEGUNDO O TÉCNICO), CARACTERIZANDO ASSIM UM VÍCIO. _x005F_x000D_
SOLICITO QUE A LG RETIRE ESTE AR CONDICIONADO DEFEITUOSO, SUBSTITUINDO POR NOVO EQUIPAMENTO COMPLETO, O INSTALANDO E RENOVANDO A GARANTIA."	"
				Prezado(a) Cliente, _x005F_x000D_
_x005F_x000D_
A LG já direcionou sua solicitação para análise. _x005F_x000D_
_x005F_x000D_
Pedimos por gentileza que nos informe o telefone e o melhor horário para o contato telefônico que o Sr(a) receberá em breve. _x005F_x000D_
Caso queira adicionar alguma informação, favor incluir através da opção “Interagir com o Fornecedor”._x005F_x000D_
_x005F_x000D_
Atenciosamente,_x005F_x000D_
_x005F_x000D_
Equipe LG._x005F_x000D_
"	"
				Não avaliado pelo consumidor"
45	Claro TV 	 16/04/2021	MG	Mário Campos	"
				Prezados, solicito esclarecimento sobre débitos em aberto nessa empresa, para que assim possamos resolver de forma rápida para que retire meu nome dos órgãos de proteção."	"
				""Prezado(a) Sr(a). Alexandre, em atenção à sua reclamação verifique o """"ANEXO"""" ao lado da opção """"DETALHES"""" a carta resposta contendo todas as informações de tratamento. Observação: Em caso de consulta pelo celular, poderá não ser disponibilizado a carta em anexo pois depende da funcionalidade de cada aparelho. Dessa forma, caso não consiga visualizar o anexo através do seu aparelho celular, orientamos acessar a resposta através do computador/Tablet. Qualquer dificuldade em visualizar o anexo ou dúvida na solução apresentada, você pode nos contatar utilizando a opção “Interagir com Fornecedor”, essa opção fica disponível no site até que você avalie a nossa resposta, ou ainda, através dos canais exclusivos informados na carta em anexo. Lembre-se, sua avaliação, nos ajuda na construção de um atendimento mais eficiente e desta forma, caso o meu atendimento tenha sido satisfatório, gostaria de contar com sua avaliação positiva como """"SIM"""", atribuindo uma boa nota ao meu atendimento, sendo 5 a nota máxima, a sua opinião é muito importante para nós e imprescindível para um feedback ao meu trabalho. Atenciosamente, ADRIANA"""	"
				Não avaliado pelo consumidor"
46	Claro TV 	 15/04/2021	MG	Oliveira	"
				Olá! _x005F_x000D_
_x005F_x000D_
Fiz um acordo com o Serasa em 11/2020, paguei as dÍvidas e meu nome estava limpo. Até então tudo certo. _x005F_x000D_
_x005F_x000D_
Recebi uma ligação dia 14/04 de uma fatura em aberto no meu CPF gerada dia 25/12/2020, sem meu consentimento e nunca nem ter conversado com a Claro após negociar a dívida. _x005F_x000D_
_x005F_x000D_
Em anexo, encaminho todas as informações datadas. _x005F_x000D_
_x005F_x000D_
Em 14/04/21 verifiquei minha situação no Serasa Consumidor na qual constava cobrança do serviço (conta atrasada) no valor R$44,05 que por mim não é reconhecido, pois eu não solicitei e não autorizei a contratação."	"
				Em atenção à sua reclamação verifique o ""ANEXO"" ao lado da opção ""DETALHES"" a carta resposta contendo todas as informações de tratamento. Observação: Em caso de consulta pelo celular, poderá não ser disponibilizado a carta em anexo pois depende da funcionalidade de cada aparelho. Dessa forma, caso não consiga visualizar o anexo através do seu aparelho celular, orientamos acessar a resposta através do computador/Tablet._x005F_x000D_
Qualquer dificuldade em visualizar o anexo ou dúvida na solução apresentada, você pode nos contatar utilizando a opção “Interagir com Fornecedor”, essa opção fica disponível no site até que você avalie a nossa resposta, ou ainda, através dos canais exclusivos informados na carta em anexo._x005F_x000D_
Lembre-se, sua avaliação, nos ajuda na construção de um atendimento mais eficiente e desta forma, caso o meu atendimento tenha sido satisfatório, gostaria de contar com sua avaliação positiva como ""SIM"", atribuindo uma boa nota ao meu atendimento, sendo 5 a nota máxima, a sua opinião é muito importante para nós e imprescindível para um feedback ao meu trabalho._x005F_x000D_
Atenciosamente,_x005F_x000D_
Rogerio"	"
				Não avaliado pelo consumidor"
47	Claro TV 	 10/04/2021	MG	Belo Horizonte	"
				Bom dia_x005F_x000D_
_x005F_x000D_
Possuo apenas um produto da empresa Claro, que é a internet fixa no valor de 99,00 mensais. _x005F_x000D_
Recebi a fatura em 09.04 com cobrança da internet no valor de R$110,38 e de uma tal revista Monet, a qual nunca ouvi falar e nunca tive interesse de conhecer, no valor de R$12,50._x005F_x000D_
Ou seja, houve cobrança adicional de um valor superior a R$23,00._x005F_x000D_
Tal situação demonstra desrespeito com o cliente._x005F_x000D_
Atenciosamente _x005F_x000D_
Leandro"	"
				Prezado(a) Sr(a). Leandro, em atenção à sua reclamação verifique o """"ANEXO"""" ao lado da opção """"DETALHES"""" a carta resposta contendo todas as informações de tratamento. Observação: Em caso de consulta pelo celular, poderá não ser disponibilizado a carta em anexo pois depende da funcionalidade de cada aparelho. Dessa forma, caso não consiga visualizar o anexo através do seu aparelho celular, orientamos acessar a resposta através do computador/Tablet. Qualquer dificuldade em visualizar o anexo ou dúvida na solução apresentada, você pode nos contatar utilizando a opção “Interagir com Fornecedor”, essa opção fica disponível no site até que você avalie a nossa resposta, ou ainda, através dos canais exclusivos informados na carta em anexo. Lembre-se, sua avaliação, nos ajuda na construção de um atendimento mais eficiente e desta forma, caso o meu atendimento tenha sido satisfatório, gostaria de contar com sua avaliação positiva como """"SIM"""", atribuindo uma boa nota ao meu atendimento, sendo 5 a nota máxima, a sua opinião é muito importante para nós e imprescindível para um feedback ao meu trabalho. Atenciosamente, ADRIELLY"	"
				Não avaliado pelo consumidor"
48	Claro Fixo - Embratel	 15/04/2021	MG	Uberaba	"
				Na data de 15/04/2021 liguei para reclamar que minha conta está vindo acima do valor contratado. A primeira atendente de nome Karina confirmou o erro e disse que iria transferir para que o erro fosse corrigido. Posteriormente a atendente Maria da Paz identificou novamente o erro  apesar de dizer que a diferença cobrada a mais seria outra e leu o que estava em um protocolo na data de 10/07/2020. Mesmo identificando o erro e a diferença de valores serem menores do que inicialmente a primeira atendente informou disse que não poderia fazer nada até analisar a chamada. Fato que fez com que me identificasse como advogado uma vez que infelizmente das outras vezes disse que a situação poderia ser resolvida extrajudicialmente, coisa que desejo. Após isso fui ofendido porque me identifiquei como advogado dizendo que independente de ser advogado, a situação não mudaria. Após isso solicitei os números de protocolo desde a data de 10/07/2020 até hoje informando o que está descrito em cada um deles além das cópias das gravações, fato que motivou a atendente a silenciar a ligação simulando que a mesma tinha caído para que eu desligasse. Por fim, não solucionou o problema além de me ofender pela minha profissão. Informo que posterior a essa reclamação procederei com a mesma na plataforma consumidor.gov.br e caso não seja indenizado meu dano sofrido pela minha qualidade de advogado, mesmo sem querer acionarei o judiciário para tanto. POR TODO O MOTIVO QUERO OS PROTOCOLOS DESDE A DATA DE 10/07/2021 ATÉ HOJE COM A INFORMAÇÃO QUE CONSTA EM CADA UM DELES ALÉM DAS CÓPIAS DE TODAS AS GRAVAÇÕES DA DATA ATÉ HOJE 15/04/2021."	"
				""Prezado(a) Sr(a). RAFAEL, Em atenção à sua reclamação verifique o """"ANEXO"""" ao lado da opção """"DETALHES"""" a carta resposta contendo todas as informações de tratamento. Observação: Em caso de consulta pelo celular, poderá não ser disponibilizado a carta em anexo pois depende da funcionalidade de cada aparelho. Dessa forma, caso não consiga visualizar o anexo através do seu aparelho celular, orientamos acessar a resposta através do computador/Tablet. Qualquer dificuldade em visualizar o anexo ou dúvida na solução apresentada, você poderá nos contatar utilizando a opção “Interagir com Fornecedor”, ou ainda, através dos canais exclusivos informados na carta em anexo. Atenciosamente, JASMINY"""	"
				Não avaliado pelo consumidor"
49	Claro Fixo - Embratel	 14/04/2021	MG	Belo Horizonte	"
				Registro reclamação para minha mãe, que se trata de pessoa idosa, eu inclusive que pago esse serviço de internet dela. _x005F_x000D_
Maria Elizabeth Muniz – CPF 865 177 086 34_x005F_x000D_
Serviço instalado na Rua Três Pontas 1572, Carlos Prates. _x005F_x000D_
Código do Assinante: 013/036001644_x005F_x000D_
Serviço de internet instalado no final ano, contas de janeiro paga via código de barras ok, já fev e março paguei via Pix, opção disponibilizada pela prestadora, mas até presente dada minha mãe vem sofrendo ações de cobrança e ameaças diárias, sem falar com bloqueio do serviço – internet por vária vezes. _x005F_x000D_
Já registramos umas três reclamações na Claro, toda sem solução."	"
				""Prezado(a) Sr(a). Luciana, Em atenção à sua reclamação verifique o """"ANEXO"""" ao lado da opção """"DETALHES"""" a carta resposta contendo todas as informações de tratamento. Observação: Em caso de consulta pelo celular, poderá não ser disponibilizado a carta em anexo pois depende da funcionalidade de cada aparelho. Dessa forma, caso não consiga visualizar o anexo através do seu aparelho celular, orientamos acessar a resposta através do computador/Tablet. Qualquer dificuldade em visualizar o anexo ou dúvida na solução apresentada, você poderá nos contatar utilizando a opção “Interagir com Fornecedor”, ou ainda, através dos canais exclusivos informados na carta em anexo. Atenciosamente, MYLLENA"""	"
				Não avaliado pelo consumidor"
50	SKY	 09/04/2021	MG	Ibirit�	"
				Prezados, solicito esclarecimento sobre débitos em aberto nessa empresa, não contratei nenhum serviço. Peço que retirem meu nome dos órgãos de proteção."	"
				São Paulo, 24 de abril de 2021._x005F_x000D_
Reclamante: William Meneses de Souza Lucas_x005F_x000D_
Assinatura: 174956595_x005F_x000D_
Protocolo da Reclamação: XXX.XXX.XXX-XX476236_x005F_x000D_
_x005F_x000D_
Olá, William!_x005F_x000D_
_x005F_x000D_
Tentamos contato no dia 24/04/2021, no telefone XXXXX-XXXXXX-X983, às 12h44, mas infelizmente não obtivemos sucesso._x005F_x000D_
_x005F_x000D_
Em atenção a sua solicitação na plataforma consumidor.gov.br, verificamos em nosso sistema e encontramos uma assinatura no CPF XXX.XXX.XXX-XX, informamos que a assinatura foi totalmente cancelada sem nenhum ônus._x005F_x000D_
_x005F_x000D_
Ressaltamos que não existe nenhum vínculo financeiro ou contratual do Sr. William Meneses de Souza Lucas junto a SKY._x005F_x000D_
_x005F_x000D_
Havendo divergências ou dúvida nas informações acima, antes de finalizar sua reclamação, solicitamos a gentileza de nos acionar por interação na plataforma do consumidor.gov. _x005F_x000D_
_x005F_x000D_
O Atendimento é de segunda a sexta-feira das 09 às 19hs. Mas se considerar que a questão apresentada foi resolvida, sendo possível, solicitamos sua avaliação do atendimento recebido por este canal, atribuindo uma nota de 1 a 5 na plataforma consumidor.gov. _x005F_x000D_
_x005F_x000D_
A sua opinião é muito importante para nós! _x005F_x000D_
_x005F_x000D_
Atenciosamente,_x005F_x000D_
_x005F_x000D_
SKY!"	"
				Não avaliado pelo consumidor"
51	SKY	 12/04/2021	MG	Matias Barbosa	"
				Desde o dia 09/04/2020 estou tentando realizar uma recarga no sky pré pago e não estou conseguindo. Nos contatos que realizei pelos canais de atendimento me informaram que não há problema algum com o meu cadastro, exceto uma cobrança indevida de 2,19 que foi cancelada. Mesmo assim, não consegui realizar recargas pelo cartão no mercado pago e app sky, aprensenva erro no cpf ou erro na recarga. Tentei por links que me foram enviados e também não consegui. Por fim realizei a recarga por boleto bancário, o qual não foi compensado até a data de hoje. Estou sem tv desde o dia 09/04 isso por falhas da sky e dos seus meios de pagamento. É um absurdo. Os atendentes não se esforçaram nem um pouco para solucionarem o meu problema. O problema não foi o repasse do banco, sendo que eu realizei outros pagamentos no mesmo dia e já foram compensados hoje 12/04. Espero uma solução!"	"
				Prezada Sônia, visualizamos sua reclamação aberta por meio da plataforma do site consumidor.gov.br e efetuamos as tentativas de contato, sem sucesso, no telefone (32) XXXXX-X845._x005F_x000D_
Neste momento você  não está conseguindo realizar recargas pois, a sua migração do plano pós para o pré não foi concluída devido uma pendência  que se encontra em  nosso sistema no valor  R$178,86, com vencimento em 10/05/21"	"
				Não avaliado pelo consumidor"
52	SKY	 11/04/2021	MG	Ibirit�	"
				Boa noite ,fui verificar meus dados no app Serasa consumidor e para minha surpresa possui um débito no valor 785,00 mais essa compra não foi realizada por mim na época que ocorreu essa comprar eu me lembro de ter entrado em contato com a central , informado que não foi eu que assinei nenhum tipo de documentos isso era entre novembro a dezembro de 2017 ela me informou que tinha minha assinaturaais eu falei que não assinei nada por que não estava nem trabalhando ,a minha mãe Sandra Vitorino coelho ela sim fez o pedido para o nome dela e o rapaz foi para instalar e pediu para assinar para confirmar a instalação em nenhum momento foi informando que eu seria a titular quando nisso tudo eu já havia ligado , a atendente me falou que se para não ter mais nenhum débito o técnico iria buscar o aparelho e assim foi feito ele foi la na residência da minha mãe e pediu o aparelho verificando que está em ótimas condições levo não deu nenhum papel pra assinar e nisso eu confiei que foi resolvido mais para minha tristeza não foi ,fiquei muito decepcionada pois acreditei na empresa e ela me fez isso infelizmente não tenho mais os registros do protocolo mais sei que fica todo histórico na empresa peço por gentileza faça algo por mim e uma humilhação vc não assinar um contrato e vim te comprando estou com crise de ansiedade por isso por que eles me liga todo os dias seja de manhã a noite até de madrugada desde agradeço"	"
				Prezado cliente, Rafaela Vitorino Costa._x005F_x000D_
Em atenção à sua solicitação, pedimos a gentileza de ver a carta em anexo para mais informações._x005F_x000D_
Lembre-se, continuamos sempre à sua disposição em nossos canais de atendimento, que são: e-mail:_x005F_x000D_
XXXXXXXXXXX@XXXXX.XXX e /ou e-mail no analista/agente (opcional)._x005F_x000D_
Caso tenha dúvidas sobre o tratamento de sua solicitação ou não consiga baixar a carta em anexo,_x005F_x000D_
faça uma interação no site www.consumidor.gov.br, antes de avaliar nosso posicionamento, dessa_x005F_x000D_
forma nosso time de especialistas entra em contato para ajudá-lo da melhor forma._x005F_x000D_
Obrigado pela oportunidade de esclarecer os fatos relatados, nos mantemos à sua total disposição._x005F_x000D_
Atenciosamente,_x005F_x000D_
SKY"	"
				Não avaliado pelo consumidor"
53	SKY	 11/04/2021	MG	Juiz de Fora	"
				Entrei em contato com a empresa Sky no dia 04/04/2021 (Protocolo de atendimento XXX.XXX.XXX-XX85203), para realizar uma reclamação e tentar uma negociação de valores. Para minha surpresa atendente Natalia informou inicialmente que meu plano possui dois aparelhos (pontos) de TV por assinatura um digital e outro HD, no entanto sou cliente desde 2017  e só consta um aparelho digital instalado na minha residência, questionei sobre o segundo aparelho e a atendente informou que ele estava ativo e me perguntou se eu autorizava o rastreamento e o desligamento do mesmo, autorizei pois esse segundo ponto nunca fora instalado na minha casa. Sobre o assunto financeiro a mesma atendente abriu uma negociação e concedeu os seguintes descontos: 30% no valor da fatura com vencimento no dia 14/04 que ficaria no valor de R$ 147,17 no mês de abril de 2021 e 50 reais de descontos nas seis próximas faturas subsequentes que ficariam no valor de R$160,00. Hoje dia 11/04 entrei novamente em contato com a empresa Sky e a funcionária Nilma (Protocolo XXX.XXX.XXX-XX26852) que informou, para minha imensa surpresa, que não constava nenhuma negociação de valores e que não foi concedido nenhum desconto, pois a primeira atendente não registrou a negociação e também que o segundo ponto HD que constava no meu pacote foi cancelado e que a partir de agora eu só teria direito a um ponto. Achei um absurdo duas informações tão contraditórias em duas ligações com apenas uma semana de diferença. Solicito providências urgente."	"
				São Paulo, 24 de abril de 2021._x005F_x000D_
Reclamante: José Rubens de Oliveira_x005F_x000D_
Assinatura: 1506780575_x005F_x000D_
Protocolo da Reclamação: XXX.XXX.XXX-XX481426_x005F_x000D_
_x005F_x000D_
Olá, José._x005F_x000D_
_x005F_x000D_
Cliente, tentamos contato hoje 24/04, aproximadamente as 14:00, através do telefone (32) XXXXX-X741, porém sem sucesso._x005F_x000D_
_x005F_x000D_
Verificamos em nosso sistema que o problema do cliente já está resolvido através de um acordo realizado junto a Anatel no dia 22/04/21._x005F_x000D_
_x005F_x000D_
Consumidora confirmou a instalação e funcionamento do sinal dos dois equipamentos. A título de esclarecimento, a prestadora incluiu um desconto mensal de R$50,00, vigente de 05/2021 a 10/2021 + ajuste único de 30%, na fatura de vencimento 14/05/2021._x005F_x000D_
_x005F_x000D_
Havendo divergências ou dúvida nas informações acima, antes de finalizar sua reclamação, solicitamos a gentileza de nos acionar por interação na plataforma do consumidor.gov.  _x005F_x000D_
_x005F_x000D_
O Atendimento é de segunda a sábado das 09:00 às 19:00 horas.                                                             _x005F_x000D_
_x005F_x000D_
Mas se considerar que a questão apresentada foi resolvida, sendo possível, solicitamos sua avaliação do atendimento recebido por este canal, atribuindo uma nota de 1 a 5 na plataforma consumidor.gov._x005F_x000D_
_x005F_x000D_
_x005F_x000D_
A sua opinião é muito importante para nós!_x005F_x000D_
_x005F_x000D_
Atenciosamente,_x005F_x000D_
_x005F_x000D_
SKY"	"
				Não avaliado pelo consumidor"

